	first_name	last_name	email	gender	age
0	Mariel	Finnigan	mfinnigan0@usda.gov	Female	60.0
1	Kenyon	Possek	kpossek1@ucoz.com	Male	12.0
2	Lalo	Manifould	lmanifould2@pbs.org	Male	26.0
3	Nickola	Carous	ncarous3@phoca.cz	Male	4.0
4	Norman	Dubbin	ndubbin4@wikipedia.org	Male	17.0
5	Hasty	Perdue	hperdue5@qq.com		77.0
6	Franz	Castello	fcastello6@1688.com	Male	25.0
7	Jorge	Tarney	jtarney7@ft.com	Male	77.0
8	Eunice	Blakebrough	eblakebrough8@sohu.com	Female	45.0
9	Kristopher	Frankcombe	kfrankcombe9@slate.com	Male	91.0
10	Palm	Domotor	pdomotora@github.io	Male	6.0
11	Luz	Lansdowne	llansdowneb@theguardian.com	Female	16.0
12	Modestia	Keble	mkeblec@cmu.edu	Female	91.0
13	Stacee	Bovis	sbovisd@webeden.co.uk	Female	22.0
14	Eden	Wace	ewacee@marriott.com	Female	16.0
16	Tobias	Sherburn	tsherburnf@facebook.com	Male	2.0
18	Clair	Skillern	cskillerng@nih.gov	Male	78.0
19	Mathew	Addicott	maddicotth@acquirethisname.com	Male	65.0
20	Kerianne	Goacher		Female	45.0
21	Maurits	Shawl	mshawlj@dmoz.org	Male	72.0
